Address A,Address B,Packets,Bytes,Packets_sent,Bytes_sent,Packets_received,Bytes_received,Bits_sent_rate,Bits_received_rate
"10.12.192.1","224.0.0.18",44,2376,44,2376,0,0,0.924834607,47.000597076,404,0
"10.12.194.103","18.161.229.9",4,342,2,171,2,171,39.430096565,0.07557458200000156,18101,18101
"10.12.194.103","23.21.112.183",4,342,2,171,2,171,40.482896937,0.24328013699999929,5623,5623
"10.12.194.103","31.13.79.53",14,1313,7,680,7,633,2.822584337,32.66309208,166,155
"10.12.194.103","34.36.57.103",8,684,4,342,4,342,39.430129026,2.1275181129999936,1286,1286
"10.12.194.103","34.102.213.72",4,342,2,171,2,171,46.485416445,0.06438805900000233,21246,21246
"10.12.194.103","34.107.221.82",22,2585,12,1411,10,1174,7.90979464,39.707339331,284,236
"10.12.194.103","34.107.243.93",4,342,2,171,2,171,35.404002202,0.0616618889999998,22185,22185
"10.12.194.103","34.120.208.123",2,156,1,102,1,54,35.045896192,0.04114020000000096,19834,10500
"10.12.194.103","35.174.127.31",9,2100,6,1116,3,984,14.55322404,32.363500167,275,243
"10.12.194.103","108.159.80.61",2,159,1,105,1,54,12.517731093,0.05414494300000072,15513,7978
"10.12.194.103","108.159.80.79",4,342,2,171,2,171,40.482845621,0.03909156599999619,34994,34994
"10.12.194.103","142.250.67.196",12,999,6,549,6,450,8.421655139,36.168044320999996,121,99
"10.12.194.103","142.250.70.99",2,159,1,105,1,54,8.421679405,0.0517992939999985,16216,8339
"10.12.194.103","142.250.182.131",18,1905,6,680,12,1225,3.360700845,31.121399651,174,314
"10.12.194.103","142.250.182.238",4,1676,2,1568,2,108,0.22966591,10.276386034,1220,84
"10.12.194.103","142.250.183.46",8,684,4,342,4,342,35.403936068,0.08173533899999796,33473,33473
"10.12.194.103","142.250.183.106",2,156,1,102,1,54,12.517755459,0.057293825000000353,14242,7540
"10.12.194.103","142.250.183.163",16,1338,8,717,8,621,10.469950492,34.107948598,168,145
"10.12.194.103","157.240.23.53",4,342,2,171,2,171,37.40526631,0.019381064999997477,70584,70584
"10.12.194.103","160.79.104.10",8,684,4,342,4,342,42.483818277,3.020957260000003,905,905
"10.12.194.103","172.17.18.2",16,2036,8,736,8,1300,25.381804159,12.728401539999997,462,817
"10.12.194.103","172.217.160.202",94,19228,43,10363,51,8865,25.403407232,21.430701038000002,3868,3309
"10.12.194.103","224.0.0.251",2,366,2,366,0,0,8.044855199,32.00121501699999,91,0
"13.107.42.14","10.12.194.103",30,11547,14,1745,16,9802,10.448829582,36.166069745,385,2168
"142.250.182.14","10.12.194.103",26,6900,13,2863,13,4037,10.254061692,30.230327187,757,1068
"172.17.18.2","255.255.255.255",8,2923,8,2923,0,0,2.472229237,20.172731561,1159,0
"172.17.18.4","255.255.255.255",4,1632,4,1632,0,0,16.603213891,7.167373868000002,1821,0
"10.12.192.1","224.0.0.18",235,12690,235,12690,0,0,0,242.978291955,417,0
"10.12.194.103","23.48.226.43",106,16398,54,6730,52,9668,41.40619532,199.32937573200002,270,388
"10.12.194.103","23.48.226.75",55,9002,28,3656,27,5346,41.378409127,196.78136968,148,217
"10.12.194.103","34.107.221.82",52,5730,28,3102,24,2628,152.432755241,89.056769202,278,236
"10.12.194.103","34.117.188.166",9,735,6,498,3,237,2.630675897,52.491858144999995,75,36
"10.12.194.103","34.120.208.123",76,16349,34,10318,42,6031,2.639368202,240.02401324700003,343,201
"10.12.194.103","34.240.152.198",43,22205,20,3421,23,18784,164.440200871,59.72150324500001,458,2516
"10.12.194.103","35.174.127.31",58,11445,34,5898,24,5547,11.537032288,224.51201104999998,210,197
"10.12.194.103","52.19.221.168",69,21376,35,7245,34,14131,164.441582045,60.672343372,955,1863
"10.12.194.103","52.85.116.49",42,5612,22,2388,20,3224,165.351190322,71.52632366,267,360
"10.12.194.103","52.168.112.66",91,45702,52,25659,39,20043,114.995783612,108.779556127,1887,1474
"10.12.194.103","52.182.141.63",23,11075,13,5209,10,5866,150.255493961,1.7490856669999744,23825,26830
"10.12.194.103","89.238.73.97",1118,974848,520,57498,598,917350,142.889147138,35.48195228,12963,206831
"10.12.194.103","104.18.35.23",22,1777,11,921,11,856,25.92462066,111.58382003199999,66,61
"10.12.194.103","104.18.40.68",28,12213,14,2184,14,10029,147.105436079,59.724270924000024,292,1343
"10.12.194.103","104.18.40.222",12,1011,8,669,4,342,24.924215589,112.582395069,47,24
"10.12.194.103","104.19.178.52",23,1956,15,1272,8,684,25.924558684,111.581453254,91,49
"10.12.194.103","104.21.26.223",250,247079,112,28030,138,219049,150.02216104,60.928645684,3680,28761
"10.12.194.103","142.250.67.196",187,40468,78,13447,109,27021,6.633145782,230.38647750899997,466,938
"10.12.194.103","142.250.70.35",10,660,6,396,4,264,1.597694841,3.021928782,1048,698
"10.12.194.103","142.250.71.3",8,669,5,432,3,237,53.102437973,53.772878199,64,35
"10.12.194.103","142.250.71.35",158,121940,65,7243,93,114697,161.275970561,61.725751,938,14865
"10.12.194.103","142.250.71.106",8,669,5,432,3,237,49.080300798,52.790518522999996,65,35
"10.12.194.103","142.250.182.131",38,3537,20,1759,18,1778,32.935867749,181.74393528899998,77,78
"10.12.194.103","142.250.183.110",8,669,5,432,3,237,48.046100019,53.824700637,64,35
"10.12.194.103","142.250.183.193",13,1077,8,669,5,408,25.924671506,111.60836575,47,29
"10.12.194.103","142.250.192.46",1133,1170725,394,29489,739,1141236,44.034800883,171.809857116,1373,53139
"10.12.194.103","142.250.192.67",88,49334,43,5340,45,43994,44.388946995,170.46395671,250,2064
"10.12.194.103","142.250.192.86",8,669,5,432,3,237,47.045816986,53.828499766,64,35
"10.12.194.103","142.250.193.99",8,669,5,432,3,237,6.633205453,53.548066432999995,64,35
"10.12.194.103","142.250.193.132",259,157764,109,27262,150,130502,45.104634025,178.684862774,1220,5842
"10.12.194.103","142.250.195.193",53,17823,29,3375,24,14448,45.104845922,170.72516009999998,158,677
"10.12.194.103","142.250.196.3",200,29364,102,13057,98,16307,7.22595623,227.86460136399998,458,572
"10.12.194.103","142.250.196.170",145,67852,73,9149,72,58703,44.886420264,170.93820168399998,428,2747
"10.12.194.103","142.250.199.138",25,5225,12,2986,13,2239,8.286737284,170.275364749,140,105
"10.12.194.103","142.250.199.174",5,393,3,261,2,132,49.080876726,0.032702602000000525,63848,32291
"10.12.194.103","142.251.42.14",5,393,3,261,2,132,49.080613073,0.031304145000000005,66700,33733
"10.12.194.103","142.251.42.106",38,10613,18,2652,20,7961,163.394869166,58.63083573899999,361,1086
"10.12.194.103","148.251.5.29",148,87579,69,10240,79,77339,147.28436909,63.73333245399999,1285,9707
"10.12.194.103","151.101.1.46",609,582998,249,42042,360,540956,43.709340457,171.119689167,1965,25290
"10.12.194.103","152.199.40.67",26,8604,13,1857,13,6747,147.037986461,58.759871895,252,918
"10.12.194.103","160.153.0.9",661,594915,275,48903,386,546012,161.211128512,66.77100562200002,5859,65419
"10.12.194.103","162.159.153.4",9,735,6,498,3,237,32.935815001,53.404362537000004,74,35
"10.12.194.103","172.17.18.2",388,50658,194,18371,194,32287,2.6393719190000002,239.74016047499998,613,1077
"10.12.194.103","172.64.144.30",13,1077,8,669,5,408,25.924645968,111.58377954600002,47,29
"10.12.194.103","172.64.146.223",13,1077,8,669,5,408,24.924150247,112.58783935599999,47,28
"10.12.194.103","172.64.155.141",11,945,7,603,4,342,47.045734482,111.73062175800001,43,24
"10.12.194.103","172.67.203.137",41,31633,28,24423,13,7210,147.741948432,59.119744001000015,3304,975
"10.12.194.103","172.217.174.67",608,538583,241,21932,367,516651,4.632252153,220.341143522,796,18758
"10.12.194.103","173.201.140.128",180,13320,180,13320,0,0,3.898812005,215.294920835,494,0
"10.12.194.103","181.41.142.154",117,95681,45,5654,72,90027,163.494127634,12.320419051000016,3671,58457
"10.12.194.103","185.125.190.18",9,886,5,425,4,461,107.021793644,0.4742042790000056,7169,7777
"10.12.194.103","199.34.228.69",420,155872,206,27859,214,128013,39.928320379,121.06675418300001,1840,8459
"10.12.194.103","199.201.110.204",246,84056,117,19658,129,64398,62.572426472,33.42671078200001,4704,15412
"10.12.194.103","205.134.250.164",209,86457,101,15262,108,71195,158.33787815,73.469465176,1661,7752
"10.12.194.103","216.58.196.74",12,1011,7,603,5,408,24.924263749,111.608529156,43,29
"10.12.194.103","216.58.196.86",76,48597,33,3677,43,44920,44.892167758,170.956098743,172,2102
"10.12.194.103","217.160.0.187",79,10472,40,6375,39,4097,148.931865499,61.64144781600001,827,531
"10.12.194.103","224.0.0.251",1,183,1,183,0,0,230.090525528,0,827,520
"13.107.42.14","10.12.194.103",88,33069,40,4054,48,29015,6.8084197159999995,225.803365094,143,1027
"31.13.79.53","10.12.194.103",99,11848,50,6812,49,5036,14.827298732,227.614507445,239,177
"34.107.243.93","10.12.194.103",3,250,2,156,1,94,108.373246159,0.02194791799999507,56861,34262
"54.87.164.124","10.12.194.103",1,54,1,54,0,0,108.310394935,0,14914,30000
"142.250.182.14","10.12.194.103",50,13974,26,6114,24,7860,23.580515912,204.008096924,239,308
"172.17.18.2","255.255.255.255",4,1435,4,1435,0,0,156.968707672,69.73213975000002,164,0
"172.17.18.4","255.255.255.255",8,3188,8,3188,0,0,7.973267474,148.992161474,171,0
"172.17.18.53","10.12.194.103",16,960,8,528,8,432,42.539666367,200.759456492,21,17
"172.17.18.54","10.12.194.103",20,1200,10,660,10,540,106.981935563,64.778309212,81,66
"172.217.160.202","10.12.194.103",124,13792,64,6700,60,7092,14.527355241,225.50780426199998,237,251